time,freq_1,freq_2,freq_3,freq_4,freq_5,freq_6,freq_7,freq_8,freq_9,freq_10,freq_11,freq_12,freq_13,freq_14,freq_15,freq_16,freq_17,freq_18,freq_19,freq_20,freq_21
10:00,-0.6443198458695193,-0.31022807393717594,-0.4772739599033476,-0.4772739599033476,0.6920472418598542,0.8590931278260259,3.698873189250944,1.0261390137921975,0.3579554699275108,0.5250013558936825,0.5250013558936825,-0.6443198458695193,-0.6443198458695193,-0.6443198458695193,-0.4772739599033476,-0.6443198458695193,-0.6443198458695193,-0.4772739599033476,-0.4772739599033476,-0.4772739599033476,-0.6443198458695193
10:01,-0.6443198458695193,-0.31022807393717594,-0.4772739599033476,-0.4772739599033476,0.6920472418598542,0.8590931278260259,3.698873189250944,1.0261390137921975,0.3579554699275108,0.5250013558936825,0.5250013558936825,-0.6443198458695193,-0.6443198458695193,-0.6443198458695193,-0.4772739599033476,-0.6443198458695193,-0.6443198458695193,-0.4772739599033476,-0.4772739599033476,-0.4772739599033476,-0.6443198458695193
10:02,-0.6443198458695193,-0.31022807393717594,-0.4772739599033476,-0.4772739599033476,0.6920472418598542,0.8590931278260259,3.698873189250944,1.0261390137921975,0.3579554699275108,0.5250013558936825,0.5250013558936825,-0.6443198458695193,-0.6443198458695193,-0.6443198458695193,-0.4772739599033476,-0.6443198458695193,-0.6443198458695193,-0.4772739599033476,-0.4772739599033476,-0.4772739599033476,-0.6443198458695193
10:03,-0.6443198458695193,-0.31022807393717594,-0.4772739599033476,-0.4772739599033476,0.6920472418598542,0.8590931278260259,3.698873189250944,1.0261390137921975,0.3579554699275108,0.5250013558936825,0.5250013558936825,-0.6443198458695193,-0.6443198458695193,-0.6443198458695193,-0.4772739599033476,-0.6443198458695193,-0.6443198458695193,-0.4772739599033476,-0.4772739599033476,-0.4772739599033476,-0.6443198458695193
10:04,-0.6443198458695193,-0.31022807393717594,-0.4772739599033476,-0.4772739599033476,0.6920472418598542,0.8590931278260259,3.698873189250944,1.0261390137921975,0.3579554699275108,0.5250013558936825,0.5250013558936825,-0.6443198458695193,-0.6443198458695193,-0.6443198458695193,-0.4772739599033476,-0.6443198458695193,-0.6443198458695193,-0.4772739599033476,-0.4772739599033476,-0.4772739599033476,-0.6443198458695193
